id,target
0,0.6973103
2,0.8995968
3,0.95538574
9,0.98344934
11,0.9466984
12,0.388314
21,0.056266516
22,0.03676939
27,0.043132722
29,0.03309694
30,0.1305078
35,0.0749118
42,0.0312123
43,0.043733627
45,0.08744347
46,0.7349821
47,0.05902934
51,0.3301283
58,0.12339583
60,0.029127091
69,0.039586335
70,0.057918876
72,0.031087816
75,0.8735908
84,0.2946307
87,0.8951516
88,0.06453645
90,0.08709079
94,0.22960246
99,0.99754554
101,0.05047396
103,0.09880084
106,0.43642145
108,0.10679695
111,0.994591
115,0.04429859
116,0.85090923
122,0.08302742
123,0.30449176
124,0.98808914
125,0.089615345
127,0.88108796
140,0.8697375
142,0.11199632
147,0.0796738
148,0.05954966
150,0.03299603
152,0.064279854
154,0.9241186
155,0.062502116
166,0.035138875
167,0.038656116
169,0.99489653
177,0.064279854
179,0.025846332
181,0.049070984
186,0.011169195
188,0.086382896
189,0.008342475
192,0.026858598
200,0.8953005
202,0.26207423
206,0.84933674
207,0.94947875
214,0.9900714
217,0.9985751
223,0.43701577
224,0.99848753
227,0.9791019
228,0.9746474
230,0.2610517
233,0.59743017
234,0.9952295
236,0.99790204
239,0.9948004
250,0.9987238
255,0.13842046
257,0.31852484
259,0.45848027
275,0.9556081
278,0.03695041
282,0.21394
284,0.04885608
286,0.87679446
288,0.9990393
292,0.50999063
295,0.051809043
300,0.37212846
304,0.9562148
305,0.9462205
306,0.31791362
308,0.027297348
311,0.06703147
317,0.1613197
319,0.033255696
323,0.043280542
324,0.036649644
325,0.15807146
326,0.9680979
333,0.073364496
339,0.4108254
342,0.08188623
343,0.7365604
350,0.013109922
351,0.9380375
357,0.09711823
359,0.63378906
362,0.5731194
366,0.24096128
367,0.65988183
369,0.6796696
373,0.16720313
374,0.6326271
376,0.043845415
377,0.6818689
378,0.6413749
379,0.16861296
382,0.66430485
385,0.6342962
387,0.85272646
388,0.6220896
391,0.63670534
392,0.6432756
395,0.66960144
399,0.15858996
400,0.09967181
403,0.029706448
405,0.085713655
408,0.033536404
411,0.094067544
414,0.013655901
416,0.19769669
417,0.87832916
422,0.0607045
425,0.071178555
428,0.07639918
430,0.021386981
431,0.17146194
433,0.09282321
434,0.02566421
439,0.09932208
441,0.025844604
449,0.27991575
458,0.029260993
460,0.26672626
464,0.07956129
473,0.9694239
488,0.098783076
491,0.45220253
494,0.768029
497,0.021032423
500,0.10275602
505,0.017683119
507,0.033525884
508,0.023483008
510,0.023329467
511,0.018352062
515,0.59897983
525,0.04553488
529,0.01770851
532,0.017907888
534,0.017947495
537,0.926906
539,0.24411339
541,0.018164605
545,0.032304436
547,0.9091123
548,0.9996145
549,0.98338294
553,0.9984691
554,0.032419264
555,0.986005
557,0.96407646
562,0.022986501
566,0.40497836
572,0.8100547
573,0.4685079
582,0.781461
586,0.79442334
587,0.026839495
590,0.99963224
591,0.2155776
593,0.13464051
595,0.96345437
596,0.9578855
597,0.21509886
601,0.4191403
602,0.018402249
605,0.99409777
610,0.8818345
616,0.031766206
618,0.99287134
620,0.99496424
626,0.67060333
627,0.019632787
629,0.03044656
632,0.94510955
634,0.5438586
639,0.029866517
645,0.9995058
647,0.9516945
648,0.14035088
650,0.053336084
663,0.46934524
666,0.87327665
668,0.37793618
670,0.14475429
673,0.9971159
676,0.17540532
678,0.062904894
692,0.024493158
693,0.42592636
694,0.15993086
695,0.28266832
696,0.99853235
698,0.9772879
701,0.18437049
703,0.99670863
707,0.99651617
708,0.9930346
711,0.9966816
715,0.99669456
718,0.042773396
722,0.40605983
723,0.3446195
733,0.99640965
741,0.32782638
742,0.99649644
743,0.28359693
747,0.023144096
749,0.030270666
750,0.0850198
756,0.16793618
757,0.20172143
760,0.11191863
764,0.061404645
765,0.19315472
766,0.33312857
768,0.04840371
769,0.021764427
771,0.014639586
772,0.081843585
776,0.016530186
778,0.3676062
780,0.15748116
785,0.8830732
789,0.06863779
792,0.05426082
793,0.07287067
811,0.86579573
813,0.023803473
816,0.024969906
821,0.037766427
824,0.06744504
825,0.033180058
827,0.21004245
830,0.96051526
831,0.9799281
839,0.9839991
844,0.06932023
847,0.98158514
850,0.3347779
854,0.9867474
855,0.5812586
858,0.3425296
861,0.9832556
862,0.10952568
865,0.7776849
869,0.9819257
879,0.96746814
880,0.99816775
887,0.89677703
889,0.9332422
897,0.78114915
900,0.9558855
901,0.23180532
904,0.8077465
908,0.16751558
909,0.06271601
910,0.9374345
913,0.82394725
914,0.8055968
917,0.9212472
918,0.92457044
920,0.8130697
922,0.6277127
924,0.6277127
925,0.42013773
927,0.5823126
933,0.021074802
937,0.035351902
943,0.014339417
949,0.050102323
950,0.9972657
954,0.015221834
966,0.17223814
967,0.028580874
969,0.04924515
970,0.9917507
973,0.014513284
975,0.014450401
980,0.04015073
988,0.022915542
989,0.030053347
995,0.09136191
1000,0.10042441
1003,0.07028207
1007,0.31697112
1011,0.26741418
1012,0.14835158
1013,0.463898
1014,0.09057012
1016,0.99932
1019,0.008116126
1025,0.016366184
1027,0.2422801
1028,0.9936657
1030,0.0320338
1033,0.3613003
1034,0.3917613
1039,0.054004014
1046,0.010093749
1047,0.037115753
1053,0.06338155
1055,0.06469566
1056,0.0448761
1059,0.24681294
1060,0.056592435
1063,0.234054
1064,0.12439221
1068,0.051562577
1076,0.05216962
1086,0.022378474
1087,0.09456661
1089,0.019618958
1092,0.0804947
1095,0.07365954
1096,0.08865103
1097,0.025034457
1100,0.032253355
1101,0.25885665
1107,0.02984482
1108,0.018524408
1111,0.026071817
1115,0.23676345
1116,0.07715237
1121,0.085428596
1125,0.029708654
1127,0.016171336
1131,0.59605414
1133,0.099793166
1135,0.10903391
1137,0.031826884
1140,0.034249842
1144,0.09422496
1147,0.5975596
1148,0.18747911
1150,0.012531638
1158,0.09338388
1159,0.07586351
1161,0.03650397
1163,0.013650656
1165,0.017413408
1169,0.1759074
1171,0.984959
1172,0.022144645
1176,0.05970478
1180,0.009044617
1184,0.028939486
1186,0.03463617
1187,0.05174634
1192,0.011843443
1193,0.049714386
1194,0.01565969
1197,0.42517054
1200,0.018010587
1205,0.046961993
1210,0.032323927
1216,0.016913712
1220,0.026028484
1231,0.019560128
1233,0.3936698
1246,0.4757238
1247,0.05333063
1248,0.03885141
1255,0.0839304
1256,0.021151125
1257,0.117723376
1258,0.13872054
1260,0.058004975
1261,0.04927981
1265,0.15812758
1266,0.044115305
1268,0.069842905
1274,0.07910445
1281,0.09072289
1285,0.169281
1286,0.02336204
1291,0.055336446
1292,0.033951283
1295,0.016896725
1299,0.028960168
1306,0.03581798
1310,0.03218296
1311,0.0255422
1313,0.030673772
1314,0.39577192
1322,0.057947725
1323,0.070637375
1325,0.060609072
1329,0.73796344
1330,0.040798992
1333,0.12595725
1336,0.033141285
1339,0.017301917
1342,0.033518225
1344,0.021718115
1355,0.9969984
1357,0.05780536
1358,0.062052637
1359,0.051764995
1364,0.011698246
1366,0.06221652
1367,0.03829646
1370,0.93864626
1373,0.09053028
1377,0.042675972
1386,0.029726475
1387,0.027275592
1392,0.09381208
1397,0.0089197755
1398,0.03228727
1400,0.3606364
1403,0.017562777
1404,0.039479822
1410,0.025704354
1413,0.032778382
1416,0.048269033
1417,0.013614565
1423,0.03362131
1424,0.054011077
1426,0.015479386
1427,0.0084374845
1428,0.007464558
1430,0.030006617
1434,0.07427582
1435,0.20044428
1437,0.014970094
1438,0.099059105
1442,0.056006372
1446,0.46136895
1451,0.02497691
1457,0.2812422
1461,0.0925912
1462,0.019389808
1465,0.06757271
1468,0.037713498
1469,0.08921197
1471,0.43489695
1476,0.049053073
1478,0.20004082
1481,0.03166327
1489,0.040828407
1490,0.02644068
1492,0.052422643
1496,0.02626434
1512,0.39365673
1516,0.042652994
1517,0.06806773
1528,0.017239809
1529,0.96957904
1536,0.99883115
1539,0.15703204
1541,0.08396259
1542,0.1121943
1548,0.998075
1550,0.72493404
1551,0.3760821
1552,0.9989226
1557,0.99713755
1563,0.74182534
1564,0.110672325
1565,0.52235836
1566,0.999401
1571,0.65448993
1578,0.030158728
1581,0.24183196
1583,0.124045044
1584,0.03429824
1586,0.9991088
1589,0.99834573
1592,0.99393797
1598,0.99914354
1606,0.07293832
1612,0.3523798
1616,0.9838187
1620,0.02895677
1624,0.28713673
1629,0.9995495
1630,0.97415507
1635,0.9994954
1640,0.9991689
1641,0.9991981
1642,0.9990507
1651,0.9990994
1655,0.9990402
1656,0.9982455
1659,0.9986806
1664,0.9990689
1667,0.99936795
1668,0.9833511
1674,0.84356654
1678,0.11526081
1680,0.99675786
1681,0.68949324
1682,0.9988294
1685,0.6136017
1695,0.99546486
1696,0.9687621
1697,0.2824317
1704,0.10121837
1708,0.5241374
1711,0.9967911
1713,0.99105775
1714,0.2302016
1717,0.99329233
1729,0.82036066
1730,0.39608034
1732,0.92719835
1734,0.9780772
1736,0.87123007
1738,0.21175596
1742,0.059097946
1743,0.7261261
1746,0.4932665
1748,0.9985743
1749,0.71558285
1751,0.56124747
1758,0.89733464
1764,0.99862957
1765,0.5108176
1777,0.2596501
1778,0.7553015
1781,0.9120689
1782,0.96724606
1783,0.99547863
1785,0.72809863
1788,0.99814284
1793,0.9967704
1794,0.99243164
1795,0.99860156
1797,0.9968933
1800,0.99825335
1801,0.9933151
1805,0.998992
1806,0.9980484
1819,0.9985543
1820,0.9992025
1825,0.97998774
1828,0.057516932
1829,0.11696336
1830,0.18809122
1839,0.99206483
1843,0.05696875
1844,0.75453424
1846,0.5370948
1849,0.0630005
1850,0.026725292
1854,0.045241594
1855,0.040336758
1858,0.987085
1859,0.040201813
1862,0.4182813
1867,0.19628268
1868,0.09156367
1871,0.9931908
1872,0.36407655
1874,0.92756826
1876,0.045864284
1879,0.2536499
1884,0.64749986
1891,0.20391187
1894,0.06921801
1896,0.22710007
1902,0.03511277
1903,0.07937914
1904,0.15230688
1906,0.9488841
1907,0.81401443
1912,0.1828225
1913,0.024345577
1923,0.8371428
1926,0.72903395
1928,0.31578684
1930,0.9979708
1931,0.36661285
1934,0.17075801
1936,0.8865324
1944,0.99858576
1946,0.04209152
1947,0.5108176
1958,0.09234363
1964,0.21450803
1970,0.9450871
1974,0.09319672
1977,0.9722901
1978,0.7117232
1982,0.999009
1984,0.99574244
1988,0.9866922
1993,0.99949384
1997,0.99031603
1998,0.999009
2002,0.2636748
2004,0.94354606
2005,0.95583403
2008,0.449593
2011,0.99381673
2013,0.21376863
2018,0.98960716
2021,0.99339795
2025,0.5161835
2029,0.989733
2030,0.99149203
2032,0.48148698
2037,0.8364691
2041,0.12195814
2044,0.2219421
2048,0.9903445
2052,0.9767957
2053,0.99061537
2054,0.9968034
2062,0.19262916
2065,0.52352685
2066,0.119080216
2072,0.63238263
2079,0.26207137
2080,0.06866142
2085,0.0477511
2088,0.8539345
2090,0.048238933
2092,0.9786464
2093,0.024983793
2101,0.028969556
2104,0.29571772
2105,0.020841748
2106,0.04691866
2107,0.04031995
2120,0.09830397
2124,0.22814786
2127,0.06707454
2130,0.014303744
2132,0.027618557
2135,0.036530465
2137,0.9977896
2140,0.3636208
2143,0.40159148
2147,0.10138613
2151,0.5987873
2152,0.8243531
2155,0.4628256
2156,0.13059184
2162,0.28109628
2165,0.7676266
2166,0.8747333
2167,0.055324167
2168,0.14938223
2170,0.06847936
2178,0.99901366
2180,0.09623009
2182,0.37412944
2184,0.07878962
2185,0.24283248
2187,0.03035301
2196,0.8651581
2197,0.9814038
2199,0.31507105
2200,0.02763936
2201,0.09365699
2202,0.90135634
2206,0.45497835
2208,0.7713161
2218,0.5313245
2223,0.9950466
2224,0.9880701
2226,0.034567565
2228,0.36933568
2232,0.6635896
2234,0.930692
2243,0.988812
2247,0.25524497
2249,0.4130025
2252,0.9749483
2253,0.996897
2259,0.27174425
2261,0.06841388
2264,0.14301848
2268,0.033274114
2269,0.03477657
2270,0.025453985
2276,0.9969756
2283,0.053444386
2287,0.98934484
2290,0.071257085
2291,0.0887292
2293,0.14809889
2295,0.09648204
2302,0.8956805
2305,0.18668649
2310,0.70912236
2313,0.15997952
2316,0.9849869
2320,0.12914476
2322,0.19618338
2323,0.9930912
2326,0.0897761
2328,0.63923097
2331,0.23696327
2335,0.98229384
2338,0.1853899
2343,0.2875985
2344,0.74942875
2345,0.05208856
2353,0.5024766
2355,0.042777
2357,0.43864465
2360,0.9797212
2365,0.23428357
2369,0.14820534
2371,0.3079009
2378,0.3891065
2380,0.9968547
2381,0.12702858
2383,0.9954926
2384,0.7016541
2392,0.38512212
2393,0.683888
2401,0.9113499
2403,0.10199541
2404,0.06891331
2405,0.05280319
2407,0.03589976
2411,0.014776975
2424,0.04781401
2426,0.023519367
2431,0.010232121
2433,0.3691647
2434,0.057460397
2436,0.075494796
2439,0.16829485
2444,0.035213172
2447,0.024686754
2448,0.072843015
2449,0.038301766
2450,0.027151108
2461,0.9467999
2469,0.014960319
2472,0.09355247
2473,0.022831053
2474,0.043319046
2477,0.1149784
2481,0.9808141
2484,0.052538425
2495,0.06229961
2503,0.022039264
2509,0.9906051
2511,0.9964553
2518,0.99422944
2522,0.98726267
2525,0.9944228
2526,0.77986753
2529,0.7973144
2533,0.77066547
2549,0.011585534
2551,0.008037955
2558,0.8964516
2562,0.9943441
2563,0.5996982
2567,0.05990544
2574,0.9904501
2577,0.08856657
2578,0.022276312
2580,0.02556917
2581,0.021662593
2583,0.99767095
2584,0.18783414
2586,0.96629715
2589,0.68811566
2595,0.02116105
2596,0.9844069
2600,0.9983847
2601,0.5398781
2607,0.9215498
2610,0.104007185
2613,0.22192067
2615,0.7761278
2618,0.072018266
2620,0.20683062
2623,0.99316895
2626,0.40187407
2630,0.67614746
2634,0.99274987
2636,0.9968468
2638,0.07921183
2639,0.99528617
2646,0.07316819
2650,0.99637926
2652,0.026001781
2653,0.026574165
2654,0.054315686
2662,0.018444538
2665,0.036834985
2669,0.090159416
2674,0.029014379
2678,0.031633228
2681,0.037103236
2685,0.04718545
2686,0.034914076
2690,0.042721987
2697,0.023638636
2699,0.05326867
2704,0.028308243
2705,0.08013648
2710,0.051264137
2712,0.031814992
2713,0.017848998
2716,0.030651242
2717,0.06834859
2718,0.060073644
2721,0.024811
2722,0.050136596
2735,0.033673912
2737,0.024686426
2738,0.13560191
2742,0.07676384
2745,0.07016283
2746,0.09005669
2747,0.1395146
2750,0.0403108
2751,0.04627353
2754,0.042186886
2762,0.9241805
2764,0.02431041
2772,0.02143526
2775,0.032732725
2776,0.21813762
2779,0.048625022
2781,0.050686955
2789,0.02251941
2790,0.074258864
2791,0.030038029
2798,0.019180954
2800,0.17666492
2804,0.8299166
2805,0.089387834
2806,0.3650859
2809,0.7187333
2810,0.99517334
2812,0.17388827
2814,0.62266994
2816,0.79137456
2818,0.80078125
2823,0.43440026
2824,0.9793594
2834,0.9132363
2837,0.20838162
2840,0.3277256
2845,0.6152805
2847,0.97969055
2848,0.90183955
2850,0.2261948
2859,0.075152606
2862,0.13220662
2868,0.81935775
2874,0.07697782
2876,0.34513956
2892,0.08233088
2894,0.9968108
2897,0.036910474
2901,0.46912315
2903,0.5872544
2904,0.029006004
2906,0.19948226
2914,0.027848333
2918,0.06081161
2919,0.31623673
2923,0.15928444
2926,0.045274436
2928,0.032779634
2930,0.0462645
2938,0.08809173
2940,0.68716455
2949,0.28654966
2951,0.2346201
2958,0.042186826
2961,0.0115330815
2962,0.052960366
2964,0.026170492
2966,0.016373813
2967,0.03787878
2968,0.07304981
2972,0.025835812
2977,0.06556609
2978,0.8603715
2979,0.030164331
2981,0.09011525
2985,0.16298273
2986,0.02831906
2989,0.9995294
2994,0.070230335
2996,0.8151518
2997,0.049490422
2999,0.06017196
3002,0.41375735
3007,0.32135922
3008,0.14626214
3017,0.16230962
3020,0.115554094
3024,0.06561911
3028,0.563682
3031,0.36412448
3032,0.96287704
3033,0.11429918
3035,0.17391267
3040,0.7420045
3041,0.25190735
3046,0.07002035
3050,0.3537821
3063,0.8832208
3065,0.30714664
3067,0.85581505
3069,0.5169967
3076,0.9816038
3078,0.4529412
3081,0.37468868
3087,0.9709384
3088,0.8686946
3094,0.52177024
3096,0.95760083
3098,0.56289446
3103,0.80698746
3110,0.99777186
3113,0.99892557
3121,0.99602413
3127,0.98305523
3128,0.9855772
3129,0.9989964
3135,0.99902713
3143,0.9902228
3146,0.6837305
3148,0.9990424
3149,0.7492514
3151,0.9992484
3156,0.0248653
3160,0.026700884
3164,0.09581593
3169,0.096242756
3178,0.1054436
3187,0.57851225
3194,0.022538304
3202,0.11042389
3203,0.025344193
3204,0.023224324
3206,0.9983344
3207,0.026267976
3208,0.025223285
3209,0.9988358
3213,0.025053948
3214,0.06849033
3215,0.021971524
3220,0.02834937
3223,0.022665292
3224,0.0204252
3226,0.018705726
3228,0.048763633
3230,0.02372387
3232,0.026332468
3233,0.026325822
3234,0.015115172
3238,0.025456786
3246,0.049721807
3247,0.99223465
3250,0.966962
3251,0.6133152
3254,0.031149179
3257,0.91105825
3258,0.1584428
3261,0.04195589
3267,0.09880048
3268,0.04070452
3269,0.052198976
3271,0.07412341
3272,0.043419927
3273,0.0227333
3279,0.026001513
3290,0.08062422
3291,0.03934157
3293,0.035320252
3294,0.41165566
3298,0.012042433
3305,0.94862485
3306,0.4356237
3307,0.07212263
3310,0.13097897
3313,0.1004774
3314,0.13333863
3315,0.034456998
3316,0.020978242
3321,0.98639834
3325,0.012891412
3326,0.036379904
3327,0.075237244
3330,0.99102366
3331,0.9562435
3332,0.24647355
3333,0.49052653
3343,0.02896282
3344,0.72779065
3348,0.083580375
3349,0.12717903
3350,0.034606963
3352,0.028330922
3353,0.080762774
3354,0.10034257
3358,0.97178257
3360,0.98084956
3366,0.07407209
3371,0.54660636
3374,0.4074772
3375,0.084423065
3378,0.6045503
3382,0.38805994
3384,0.041840136
3385,0.9176557
3386,0.11003554
3392,0.26413208
3399,0.10414556
3407,0.46326008
3409,0.5768682
3416,0.9990699
3420,0.016900122
3422,0.9996666
3424,0.34050214
3426,0.99914324
3427,0.028309166
3434,0.037958145
3438,0.21662617
3441,0.26118374
3442,0.35220563
3443,0.043830574
3444,0.25186282
3449,0.028309166
3453,0.997618
3454,0.029137313
3456,0.9987916
3457,0.9613085
3458,0.9968667
3461,0.99036765
3467,0.8785989
3479,0.33994132
3488,0.99629533
3491,0.9800924
3496,0.9940351
3502,0.71241033
3507,0.9945597
3511,0.9992467
3515,0.9940572
3516,0.9990319
3538,0.99411607
3539,0.83192134
3541,0.99457127
3545,0.99723506
3546,0.9940572
3547,0.99424195
3551,0.98908025
3553,0.058680326
3556,0.053260535
3558,0.9780894
3559,0.09668973
3561,0.1991224
3562,0.044044077
3563,0.09610033
3564,0.021858662
3571,0.24278638
3574,0.025596917
3576,0.2852081
3577,0.21410295
3579,0.46765724
3580,0.4063209
3586,0.017551035
3590,0.32331267
3599,0.123182565
3600,0.15028599
3601,0.18832743
3605,0.15908346
3606,0.031535268
3612,0.05270779
3614,0.040579647
3615,0.09039953
3616,0.023314685
3620,0.94786364
3622,0.020852834
3624,0.04744351
3630,0.14391962
3644,0.07590452
3649,0.07551262
3651,0.03626412
3654,0.30045682
3665,0.3342594
3668,0.034792632
3671,0.027469218
3672,0.04711005
3673,0.02900663
3677,0.024573565
3678,0.22978315
3687,0.03350094
3688,0.06933537
3693,0.049940497
3698,0.29485327
3699,0.9826229
3701,0.9992564
3703,0.3765694
3706,0.034455
3707,0.059772193
3709,0.9991096
3711,0.16597676
3714,0.088091195
3716,0.36560637
3720,0.9993749
3728,0.99855715
3731,0.15713176
3732,0.22952223
3733,0.99663913
3734,0.21928781
3740,0.3714804
3746,0.08870566
3749,0.11996925
3751,0.1531196
3755,0.11114669
3757,0.19170514
3762,0.9573867
3767,0.047109336
3769,0.0756264
3779,0.018251747
3781,0.5570207
3782,0.09179357
3783,0.98807013
3784,0.9402534
3790,0.27226216
3791,0.958479
3792,0.99736184
3794,0.016852617
3799,0.0864943
3801,0.2929592
3804,0.03755358
3808,0.07374582
3809,0.059346974
3811,0.016477764
3813,0.022559375
3817,0.03731677
3818,0.5511134
3823,0.046652824
3843,0.08575052
3844,0.28828567
3846,0.05068806
3847,0.98562443
3852,0.07315546
3854,0.10390067
3856,0.04045087
3863,0.09703389
3865,0.18951687
3867,0.15854937
3871,0.10779294
3872,0.12501088
3878,0.11485109
3880,0.059760183
3881,0.13224587
3882,0.95980877
3883,0.035304666
3884,0.9618304
3885,0.041163176
3886,0.14558661
3890,0.28642124
3891,0.9763768
3898,0.9980686
3902,0.05485764
3909,0.5673941
3910,0.31398743
3912,0.109033704
3915,0.99841815
3918,0.051979423
3920,0.99830496
3925,0.11965752
3928,0.03089276
3929,0.029699594
3930,0.9984415
3931,0.055564553
3934,0.084558636
3939,0.016632885
3941,0.03749755
3942,0.067195386
3943,0.4173203
3946,0.24231544
3963,0.49275938
3965,0.22408944
3966,0.31882688
3971,0.958987
3972,0.8537463
3974,0.2292454
3976,0.9871044
3978,0.14620167
3981,0.5120761
3985,0.22901133
3986,0.41656554
3987,0.9976566
3988,0.99869686
3991,0.9980454
3999,0.7759191
4001,0.17913982
4002,0.82445467
4004,0.9594728
4007,0.0474025
4009,0.49547383
4013,0.044442743
4015,0.14677644
4016,0.050925434
4023,0.1870513
4031,0.8656092
4035,0.97831905
4036,0.039014548
4037,0.051741958
4040,0.9958404
4048,0.9923301
4053,0.828326
4056,0.828326
4059,0.10595623
4066,0.9973937
4067,0.2889316
4069,0.83852154
4070,0.28050205
4071,0.92845476
4073,0.9875999
4074,0.20803994
4075,0.99823034
4082,0.8387327
4090,0.04937476
4099,0.9973866
4102,0.97801244
4106,0.25073114
4109,0.99240595
4110,0.23791575
4115,0.5694119
4118,0.9985115
4120,0.99840885
4125,0.746955
4126,0.5531677
4130,0.93225396
4134,0.9989332
4136,0.3870783
4137,0.9985502
4144,0.30571938
4148,0.041480035
4151,0.037018657
4155,0.051236004
4162,0.026862293
4165,0.035737872
4169,0.024165481
4174,0.037011325
4179,0.06603989
4185,0.03791362
4186,0.061385006
4187,0.098882556
4188,0.05449623
4190,0.03502345
4192,0.024121225
4193,0.08252975
4194,0.04302177
4195,0.050471872
4196,0.12552834
4207,0.9992633
4208,0.9990128
4215,0.99929357
4217,0.99907076
4222,0.07503703
4223,0.9995392
4226,0.5128184
4228,0.6188407
4229,0.017466486
4231,0.9994687
4234,0.3816491
4236,0.2232194
4249,0.059051394
4254,0.74374455
4258,0.6310394
4259,0.055867612
4263,0.04158777
4267,0.099770546
4277,0.47025096
4278,0.1036416
4280,0.10492256
4283,0.22957495
4285,0.75183606
4286,0.75183606
4287,0.09082234
4290,0.3766202
4291,0.03525877
4294,0.570311
4302,0.5429525
4308,0.96083546
4310,0.12311673
4311,0.9809005
4315,0.99748117
4316,0.07090831
4319,0.5807375
4331,0.9418982
4338,0.9399967
4339,0.96689993
4340,0.9989339
4344,0.8152386
4346,0.98246175
4347,0.9855441
4360,0.90328634
4364,0.98769134
4367,0.13353556
4369,0.97548544
4370,0.06056145
4371,0.5404756
4380,0.96157444
4386,0.92072105
4389,0.9965869
4390,0.9972651
4394,0.046890497
4399,0.09282687
4400,0.024995506
4404,0.03553751
4409,0.029799432
4414,0.029536098
4417,0.0183959
4418,0.023093611
4419,0.027361006
4420,0.02734235
4422,0.050574392
4429,0.30187365
4431,0.052767515
4433,0.041396916
4434,0.086037576
4439,0.03349495
4443,0.025850117
4446,0.12810609
4447,0.029057503
4453,0.0473994
4460,0.038785487
4461,0.67064667
4462,0.09938514
4467,0.06271893
4469,0.64589846
4473,0.035289288
4474,0.94673944
4475,0.027929336
4477,0.033032626
4481,0.038927734
4483,0.047498614
4484,0.036156893
4485,0.034703374
4495,0.029978424
4497,0.040173233
4500,0.25682396
4501,0.16515377
4502,0.36354756
4505,0.18955782
4506,0.07377988
4510,0.36065635
4512,0.24728137
4513,0.121619254
4532,0.049437344
4535,0.07576397
4536,0.40384296
4540,0.01632309
4545,0.51463854
4552,0.82584256
4554,0.9974016
4555,0.9430059
4558,0.99698377
4559,0.10117975
4560,0.023687035
4566,0.06184295
4570,0.1317757
4572,0.04121262
4574,0.042364538
4581,0.9975275
4583,0.9981499
4586,0.9968732
4591,0.97415614
4594,0.019520521
4603,0.9608223
4605,0.019340634
4612,0.94834125
4613,0.9526169
4615,0.67499614
4618,0.15412089
4621,0.06325433
4623,0.34074414
4626,0.03308159
4629,0.49194816
4633,0.50459945
4636,0.027219832
4638,0.03248048
4640,0.20519093
4643,0.022270083
4645,0.0468916
4647,0.6116599
4648,0.049609423
4651,0.017709464
4652,0.034847558
4653,0.39180523
4654,0.9754129
4660,0.024686158
4662,0.024610281
4663,0.017104983
4665,0.2678909
4668,0.03049621
4676,0.17690128
4683,0.99890524
4685,0.86873627
4686,0.021494478
4701,0.08842644
4718,0.11472258
4721,0.7714676
4727,0.2564494
4728,0.9813906
4733,0.9914466
4741,0.32335567
4743,0.9715409
4746,0.45425466
4751,0.9557992
4756,0.9962249
4761,0.73916966
4763,0.15698835
4764,0.9958942
4767,0.9965377
4772,0.9978966
4776,0.9992361
4780,0.9938617
4781,0.99918455
4792,0.99902356
4796,0.9995111
4801,0.99952555
4804,0.8676187
4805,0.9995165
4806,0.99961686
4811,0.6446593
4815,0.82697755
4816,0.6343777
4817,0.9729543
4818,0.79135853
4822,0.6677444
4824,0.95853084
4827,0.9728131
4837,0.93968683
4838,0.9964373
4839,0.98122287
4841,0.9025276
4851,0.9773417
4855,0.9561199
4861,0.1540997
4862,0.12233779
4863,0.0400303
4865,0.05316204
4871,0.06790772
4873,0.049448192
4880,0.051044643
4885,0.012810767
4886,0.046491265
4902,0.0393551
4904,0.029853046
4907,0.029649377
4916,0.022206575
4921,0.98380756
4925,0.26360163
4927,0.049817026
4928,0.14176008
4930,0.12970018
4932,0.14557084
4933,0.048822492
4937,0.9748529
4939,0.9960372
4941,0.15176517
4942,0.18688446
4947,0.040451646
4949,0.12970018
4950,0.08805123
4956,0.09789109
4960,0.7385094
4963,0.9789032
4965,0.8459389
4976,0.027124763
4977,0.028831601
4987,0.11092386
4991,0.9803934
4994,0.046850264
4999,0.2225545
5003,0.99769276
5006,0.022245228
5009,0.11162147
5011,0.066996515
5012,0.9930916
5014,0.17448059
5020,0.1585499
5021,0.34345943
5023,0.87585473
5026,0.08855432
5030,0.022343576
5031,0.9929345
5036,0.7228804
5042,0.1284337
5045,0.9838419
5048,0.982907
5051,0.031865895
5053,0.114854574
5054,0.5371352
5057,0.039499134
5058,0.10835624
5066,0.9920219
5070,0.79148495
5077,0.6162881
5081,0.9688505
5084,0.033183992
5086,0.110066324
5090,0.65618443
5091,0.87774324
5093,0.22319159
5100,0.9552361
5108,0.9949143
5111,0.99752235
5112,0.99683344
5118,0.12419546
5121,0.99038804
5123,0.99038804
5129,0.9900763
5133,0.044477552
5143,0.046812385
5147,0.23265511
5151,0.9980093
5156,0.9906949
5158,0.99038804
5161,0.046475947
5163,0.7138991
5167,0.98576415
5173,0.98962057
5205,0.9349048
5214,0.124550164
5215,0.50055265
5216,0.047287762
5217,0.9317883
5225,0.13374564
5237,0.15385541
5239,0.1163885
5240,0.021058857
5241,0.12419155
5246,0.025083631
5250,0.6416077
5253,0.05599764
5258,0.10120925
5261,0.054851055
5268,0.20680177
5275,0.13016891
5277,0.035380185
5279,0.058926463
5288,0.04152167
5289,0.03737116
5294,0.25738117
5303,0.36920077
5307,0.08611375
5311,0.4554717
5312,0.46557862
5314,0.14388251
5318,0.49209476
5327,0.52649814
5329,0.7555577
5333,0.30561042
5334,0.6915308
5340,0.04179436
5348,0.053878993
5358,0.61146307
5360,0.04277864
5361,0.2919085
5363,0.9977311
5364,0.26669353
5369,0.9978822
5370,0.03899318
5374,0.99697673
5376,0.9973954
5388,0.7299549
5390,0.7034972
5393,0.998443
5394,0.6920532
5395,0.9640448
5398,0.99936235
5399,0.99757504
5401,0.5182801
5402,0.9991624
5405,0.07460874
5414,0.030588746
5415,0.09694433
5419,0.02347961
5421,0.25817835
5422,0.057425946
5424,0.5746201
5427,0.80813026
5429,0.10472268
5431,0.99042225
5433,0.6386798
5434,0.0497455
5435,0.057038516
5436,0.04419154
5438,0.4362244
5440,0.12643856
5441,0.9969411
5447,0.033272058
5451,0.0725598
5453,0.19548982
5456,0.123426825
5457,0.6257016
5463,0.25359422
5464,0.9925947
5470,0.27146792
5472,0.10365787
5474,0.0829283
5478,0.026458234
5483,0.029170126
5490,0.12275761
5500,0.07690075
5504,0.36230698
5508,0.036426693
5511,0.044511676
5512,0.0093458295
5513,0.15338573
5516,0.0750989
5523,0.07253662
5527,0.019357353
5530,0.04286465
5533,0.4245674
5536,0.026927143
5537,0.21872792
5542,0.08529508
5543,0.027371228
5546,0.054867387
5549,0.023411244
5550,0.028747886
5551,0.026325792
5562,0.06973645
5566,0.030071944
5568,0.7039535
5571,0.89844406
5572,0.9941292
5574,0.057589084
5583,0.03227681
5585,0.06174934
5591,0.8302717
5596,0.050587624
5597,0.031909823
5601,0.9965488
5606,0.9844717
5607,0.030006915
5610,0.06289512
5615,0.0832468
5616,0.997561
5623,0.05239126
5630,0.7077244
5636,0.8165455
5637,0.7160662
5639,0.7527261
5640,0.9947498
5643,0.9955015
5648,0.021700948
5649,0.043325245
5660,0.04125449
5666,0.66713655
5667,0.99759316
5678,0.84396863
5679,0.54690707
5681,0.9814224
5682,0.8849612
5691,0.47472516
5696,0.9995639
5697,0.9920221
5700,0.97527635
5701,0.512675
5702,0.99459076
5708,0.99802095
5709,0.98078024
5718,0.998139
5723,0.99567616
5725,0.9955238
5728,0.9995175
5731,0.99319106
5735,0.9938619
5737,0.99386966
5738,0.975402
5742,0.98467237
5747,0.836606
5749,0.9970286
5750,0.8378749
5755,0.97145367
5756,0.9995171
5761,0.9982008
5762,0.99761796
5767,0.99903584
5768,0.8530922
5770,0.996624
5773,0.9428477
5774,0.65270305
5779,0.9848646
5782,0.99615586
5785,0.02729556
5786,0.99079436
5787,0.99887717
5788,0.9427755
5796,0.04311964
5802,0.009315699
5806,0.99909055
5809,0.11060682
5810,0.03081128
5811,0.99900377
5813,0.6760837
5820,0.014298588
5823,0.029250652
5830,0.9983498
5831,0.045775115
5838,0.9993403
5839,0.13697931
5844,0.9877263
5846,0.5512505
5851,0.8475442
5852,0.99237293
5857,0.886378
5859,0.053765893
5860,0.9988177
5862,0.9564986
5865,0.89224064
5866,0.87289613
5871,0.99957144
5872,0.08305243
5877,0.99952495
5878,0.99877656
5879,0.9968969
5880,0.37303185
5895,0.13979578
5897,0.36048543
5910,0.12012881
5914,0.1867232
5915,0.02805844
5917,0.051249206
5924,0.040872157
5926,0.19472304
5931,0.05178696
5936,0.03278178
5940,0.020826042
5941,0.087047726
5945,0.026574582
5946,0.025695771
5948,0.808805
5951,0.01698035
5967,0.06501526
5968,0.049735665
5969,0.34582132
5970,0.032947242
5971,0.23429415
5973,0.02199018
5976,0.033638537
5977,0.049881786
5984,0.29122126
5986,0.38583452
5993,0.23673731
5994,0.37815994
6005,0.9652533
6006,0.8783979
6008,0.62666
6010,0.77075934
6011,0.03666693
6014,0.22560814
6016,0.33464342
6018,0.030442089
6021,0.4150158
6025,0.9937061
6028,0.762462
6029,0.43093884
6035,0.038685262
6040,0.13680893
6042,0.7045034
6044,0.21979174
6046,0.7373135
6052,0.7632062
6054,0.8794624
6062,0.9954629
6063,0.5185192
6067,0.9987787
6068,0.9986154
6077,0.020629913
6079,0.45962372
6080,0.40573457
6081,0.9713368
6082,0.99866605
6089,0.02629155
6095,0.015846431
6101,0.17597398
6107,0.29347718
6114,0.31310067
6117,0.019418448
6121,0.9165219
6122,0.3888718
6124,0.258881
6129,0.042210013
6131,0.116767496
6136,0.8127104
6139,0.17784023
6142,0.012460709
6143,0.9957415
6144,0.99134064
6149,0.013173372
6155,0.99809694
6157,0.1470666
6158,0.05141422
6161,0.59011036
6168,0.041416496
6172,0.46181297
6176,0.53710485
6177,0.06448233
6179,0.15269792
6180,0.99609923
6182,0.10848576
6186,0.045505702
6189,0.0174281
6190,0.08130124
6194,0.18092564
6204,0.037222296
6205,0.036500335
6209,0.041403294
6210,0.039310515
6212,0.026423156
6214,0.9473098
6221,0.9547284
6225,0.9287089
6228,0.06770414
6229,0.044309974
6231,0.26380777
6235,0.92287135
6236,0.05253002
6237,0.9960304
6238,0.10395512
6239,0.05664128
6242,0.054106593
6249,0.048986346
6250,0.051423788
6251,0.05482161
6252,0.9966054
6260,0.025493622
6264,0.055544823
6266,0.021068096
6270,0.033177942
6275,0.053023666
6279,0.048741132
6280,0.0576787
6284,0.05224943
6285,0.4035069
6286,0.9819434
6287,0.9920435
6288,0.058383107
6289,0.99861354
6290,0.10955411
6291,0.99653506
6295,0.99809396
6298,0.99803954
6307,0.99628973
6308,0.17561007
6309,0.97143376
6313,0.5599463
6316,0.54722625
6319,0.28926653
6321,0.04902783
6324,0.025633484
6327,0.3646888
6333,0.98205197
6351,0.9897195
6352,0.9513262
6353,0.23639932
6357,0.9535744
6359,0.50644207
6360,0.99642587
6364,0.99842906
6367,0.75440466
6368,0.9870157
6377,0.99922454
6378,0.99922454
6379,0.7255501
6381,0.9985393
6390,0.9904294
6401,0.70707315
6408,0.9824773
6409,0.6837568
6411,0.5632181
6419,0.10402611
6424,0.42998433
6426,0.961123
6428,0.048104107
6431,0.14952242
6432,0.7585126
6433,0.29855123
6435,0.9996011
6437,0.056747943
6439,0.9986297
6442,0.74196714
6444,0.9987663
6447,0.9982395
6456,0.99519503
6457,0.5266999
6460,0.18087876
6468,0.10762954
6471,0.9978916
6475,0.16251042
6476,0.99944335
6479,0.9994222
6483,0.9986348
6487,0.9851005
6488,0.13311875
6489,0.0727478
6496,0.34531057
6498,0.31242993
6502,0.12071717
6503,0.22440869
6507,0.88020957
6508,0.14719784
6509,0.9536958
6517,0.14040613
6521,0.12634829
6522,0.10486415
6524,0.1787236
6526,0.047105283
6531,0.99902344
6533,0.03464055
6538,0.10306817
6539,0.94020844
6544,0.9511857
6557,0.7929766
6558,0.09560472
6562,0.022626191
6563,0.09264395
6564,0.00895679
6574,0.062237263
6578,0.19496858
6581,0.18161964
6584,0.1293
6587,0.70759624
6589,0.049028426
6590,0.03276685
6592,0.09153211
6595,0.98988664
6599,0.04276204
6600,0.02308479
6606,0.016824633
6609,0.02014786
6612,0.035501927
6615,0.037550688
6618,0.025167525
6620,0.13777685
6623,0.11104679
6633,0.0447163
6639,0.99876714
6640,0.9278227
6641,0.9938073
6645,0.24787304
6650,0.43933427
6651,0.17997423
6652,0.84729016
6657,0.0796566
6659,0.12408927
6666,0.9976467
6671,0.19176516
6673,0.99320465
6674,0.21527669
6677,0.09142619
6680,0.75546354
6684,0.088636726
6685,0.02430585
6691,0.4078678
6692,0.41047853
6696,0.99216956
6698,0.86487377
6704,0.010795146
6705,0.15951097
6710,0.022786766
6713,0.033521354
6715,0.93896395
6717,0.0502477
6718,0.11538541
6720,0.027484655
6728,0.9144595
6732,0.09103328
6733,0.031359136
6739,0.026163936
6740,0.042311132
6741,0.28316146
6743,0.7349888
6747,0.026175201
6750,0.8677378
6752,0.9925146
6753,0.6923506
6755,0.85203314
6761,0.051534116
6763,0.56762654
6768,0.5967718
6770,0.05400923
6771,0.30780524
6777,0.70068747
6778,0.056077927
6780,0.057655334
6782,0.065525174
6786,0.844944
6791,0.5766232
6797,0.19938442
6798,0.25330466
6803,0.04384339
6805,0.107325286
6812,0.14156643
6816,0.114130974
6818,0.14841297
6822,0.124941885
6825,0.108417064
6826,0.1431287
6827,0.051746726
6829,0.08248952
6831,0.03977418
6836,0.0491226
6838,0.0414958
6840,0.020102948
6842,0.17365465
6846,0.11988956
6851,0.73920006
6853,0.8693013
6856,0.48858154
6859,0.58335733
6865,0.9590313
6866,0.65760046
6868,0.9833511
6869,0.81769663
6871,0.99847907
6873,0.7565961
6886,0.9916065
6887,0.5650718
6888,0.75872207
6889,0.99776995
6891,0.8308233
6894,0.31261536
6895,0.5561606
6899,0.94020057
6901,0.7433817
6902,0.8115977
6904,0.7372226
6906,0.5366672
6922,0.5786567
6923,0.03464386
6924,0.16344514
6927,0.7662797
6934,0.80661184
6938,0.7182579
6941,0.49224553
6942,0.57749254
6944,0.5319853
6947,0.058057845
6952,0.9846742
6957,0.8572086
6958,0.99110603
6964,0.7553363
6968,0.45582584
6969,0.99808604
6976,0.97073436
6982,0.997934
6986,0.9882374
6987,0.999472
6989,0.25903198
6991,0.9969351
6993,0.9832392
6995,0.023914933
6997,0.0229173
7000,0.013846666
7003,0.10569641
7004,0.02676168
7007,0.9918967
7011,0.023308992
7014,0.024345964
7016,0.045274556
7017,0.14029235
7020,0.10282427
7022,0.024283677
7028,0.024656564
7033,0.8742857
7034,0.9816569
7035,0.05689925
7038,0.11193389
7040,0.027141213
7041,0.014361411
7042,0.047543943
7045,0.015423238
7049,0.270302
7055,0.033574462
7057,0.025190502
7062,0.019129753
7064,0.33563706
7066,0.017826319
7067,0.02851516
7072,0.050738335
7079,0.3051806
7082,0.30978358
7083,0.014839888
7084,0.13896623
7085,0.057820737
7087,0.14417246
7090,0.12014824
7094,0.03710279
7096,0.5029249
7099,0.023893297
7100,0.10939586
7101,0.6545883
7102,0.3706176
7103,0.021593988
7107,0.3814537
7110,0.022005409
7113,0.08845803
7117,0.033832073
7119,0.076657474
7123,0.12450296
7127,0.050824225
7133,0.2838393
7139,0.6352066
7143,0.65478677
7145,0.92220366
7151,0.97806597
7152,0.94228435
7153,0.41189015
7156,0.7302924
7162,0.6762717
7170,0.7771797
7172,0.6825468
7177,0.85572636
7181,0.9585676
7182,0.6636347
7189,0.059948266
7190,0.6486611
7200,0.94392955
7207,0.9930368
7209,0.9980747
7212,0.9450233
7216,0.035355747
7217,0.7759191
7219,0.965915
7220,0.05957067
7222,0.6738777
7225,0.7370025
7233,0.3135776
7237,0.9337184
7238,0.89551055
7239,0.99891996
7240,0.95734155
7243,0.5642017
7245,0.7052805
7246,0.99529994
7249,0.82368195
7257,0.9981266
7258,0.43154585
7259,0.972219
7262,0.974331
7263,0.9939865
7269,0.99794567
7271,0.9990051
7273,0.993152
7276,0.98942816
7279,0.9987041
7282,0.8513737
7284,0.9766698
7293,0.47935578
7298,0.7873781
7303,0.31003034
7304,0.9111178
7305,0.05902496
7308,0.60515904
7313,0.092152
7314,0.29385963
7321,0.24605194
7322,0.14858913
7327,0.14942876
7333,0.23871866
7336,0.06221801
7339,0.66451335
7341,0.47434786
7346,0.038897038
7347,0.26521426
7349,0.31471455
7351,0.018484056
7353,0.012021631
7363,0.4951557
7364,0.011030197
7368,0.66147304
7370,0.58602655
7375,0.05222869
7376,0.27272227
7379,0.032301426
7382,0.03683892
7384,0.041987807
7385,0.055501223
7387,0.018014103
7388,0.015513688
7389,0.038395554
7394,0.23383537
7396,0.07925597
7398,0.04288137
7399,0.056320816
7401,0.20006931
7404,0.012650788
7406,0.25366935
7409,0.08672002
7411,0.030679613
7417,0.035378754
7420,0.022593766
7422,0.026761055
7423,0.033583164
7427,0.9970667
7429,0.043094844
7432,0.017349005
7435,0.38915282
7436,0.9981749
7440,0.9985082
7441,0.049524665
7445,0.039040893
7448,0.110283166
7449,0.41711828
7450,0.017105907
7454,0.070356905
7455,0.011497647
7460,0.042853773
7462,0.19714996
7464,0.17846596
7466,0.043263257
7468,0.08751044
7469,0.066468686
7471,0.18355486
7472,0.4798322
7483,0.044869363
7484,0.043472588
7485,0.08024782
7486,0.20463741
7487,0.048138827
7489,0.96780896
7492,0.096401006
7495,0.99935293
7499,0.9990361
7500,0.9994204
7506,0.9958587
7508,0.5957769
7509,0.9791771
7511,0.9944956
7516,0.99843335
7524,0.94982165
7538,0.99731565
7539,0.9992236
7541,0.99450934
7546,0.9950685
7549,0.9957628
7562,0.99483526
7564,0.9425341
7567,0.99496615
7572,0.9948844
7574,0.99589133
7575,0.99462724
7586,0.9946095
7592,0.9974293
7596,0.58139706
7597,0.1140213
7599,0.03703952
7606,0.47157747
7615,0.616797
7618,0.25464773
7620,0.18848634
7624,0.3972061
7625,0.5326607
7629,0.36530164
7632,0.20632958
7636,0.55181086
7637,0.9254221
7646,0.23409232
7655,0.8813975
7658,0.030363053
7660,0.65031946
7664,0.07206684
7665,0.055896044
7666,0.1273829
7667,0.19767451
7673,0.018549383
7676,0.100694835
7682,0.13712934
7684,0.040454865
7690,0.035575688
7697,0.012540847
7700,0.018949479
7704,0.042791218
7705,0.07805446
7706,0.018541485
7708,0.023429126
7709,0.021753162
7710,0.8502873
7713,0.04086733
7716,0.024330825
7726,0.03404686
7729,0.1007452
7730,0.021423817
7732,0.023690403
7734,0.09354988
7740,0.019576639
7741,0.031830758
7745,0.99432635
7757,0.36895594
7762,0.9372885
7770,0.9966005
7776,0.041880578
7777,0.034757525
7778,0.9954008
7779,0.1957086
7782,0.07365829
7786,0.7834435
7791,0.7702192
7792,0.9213103
7794,0.09927502
7795,0.014424831
7796,0.010304242
7798,0.016188174
7805,0.024707139
7806,0.024947256
7808,0.016210318
7811,0.011882365
7814,0.01817736
7819,0.02027458
7820,0.49321878
7825,0.011819661
7829,0.5755266
7834,0.030825615
7836,0.011684328
7838,0.3105231
7841,0.03117317
7845,0.9984119
7846,0.020820528
7853,0.020159781
7856,0.022417486
7858,0.01700604
7859,0.9788594
7866,0.048477083
7875,0.9988345
7879,0.03509131
7884,0.04801169
7886,0.99110603
7890,0.5948088
7892,0.01741913
7896,0.16860932
7899,0.5387133
7900,0.9985946
7901,0.11044142
7904,0.29793823
7911,0.44661307
7917,0.34179917
7919,0.9963072
7920,0.9993423
7921,0.99946046
7922,0.019082159
7925,0.9990172
7927,0.96755886
7928,0.9994437
7931,0.7400744
7942,0.079936326
7946,0.99945426
7947,0.73663473
7948,0.3171053
7951,0.2907396
7956,0.8796948
7961,0.99700147
7964,0.99634755
7966,0.99707913
7967,0.15524873
7974,0.9978338
7975,0.049664646
7979,0.9989526
7985,0.998305
7986,0.9980769
7993,0.04916066
7995,0.9995363
7997,0.020632952
7998,0.99901485
8004,0.99900377
8007,0.99883497
8011,0.19028288
8014,0.98630494
8022,0.03239146
8027,0.048181534
8033,0.90698
8041,0.030746073
8042,0.9946445
8046,0.31581602
8048,0.08988273
8050,0.9854723
8051,0.9526274
8052,0.68084335
8053,0.9445143
8054,0.9310274
8059,0.55822456
8063,0.99350107
8072,0.076821804
8075,0.028356194
8076,0.16818583
8077,0.99809474
8078,0.37973687
8080,0.015520424
8082,0.024613589
8086,0.02676639
8090,0.8823948
8092,0.030855685
8093,0.1745621
8099,0.7915995
8104,0.9835317
8107,0.09292114
8108,0.70814943
8114,0.09419155
8115,0.8890703
8117,0.9990511
8123,0.9976954
8124,0.9889861
8127,0.9680445
8132,0.8080238
8134,0.9995437
8139,0.8874944
8145,0.9925772
8148,0.99919546
8151,0.99727404
8152,0.99104476
8153,0.9721007
8157,0.7691921
8160,0.9990876
8166,0.99326575
8167,0.9967186
8173,0.99329424
8174,0.99711317
8178,0.999329
8179,0.99049246
8185,0.94689715
8186,0.9969821
8192,0.16567197
8193,0.31276655
8194,0.013644397
8197,0.022469312
8198,0.054300398
8199,0.020168573
8200,0.19249538
8206,0.11515477
8207,0.11769652
8220,0.03446883
8222,0.070843875
8227,0.022640944
8228,0.054348826
8229,0.30670804
8230,0.93706095
8233,0.9358151
8248,0.20766029
8249,0.79321694
8255,0.04754263
8260,0.81301033
8263,0.15853798
8265,0.88460463
8268,0.3022285
8269,0.5772493
8272,0.3096724
8273,0.9361441
8275,0.7422852
8277,0.1581111
8281,0.9917203
8282,0.37120926
8290,0.98074365
8293,0.40003988
8299,0.07344821
8302,0.7985933
8303,0.3798127
8305,0.8140541
8306,0.061713398
8307,0.27947298
8308,0.40366665
8313,0.115321666
8316,0.83306336
8319,0.01803568
8322,0.99162346
8323,0.7885244
8325,0.044145435
8326,0.020041823
8327,0.044225574
8328,0.6363105
8331,0.44504762
8333,0.9954194
8336,0.33833504
8338,0.80868816
8340,0.24211329
8342,0.061440647
8343,0.033017457
8353,0.24887279
8354,0.05982873
8357,0.033785433
8358,0.036470056
8359,0.23482287
8373,0.029877096
8376,0.050575316
8379,0.0607377
8380,0.034982443
8381,0.033759028
8384,0.014447778
8395,0.9989334
8398,0.9987992
8403,0.02707085
8407,0.9987904
8413,0.99879026
8417,0.99892163
8420,0.9988984
8421,0.018226117
8424,0.9988527
8426,0.9987187
8427,0.9987684
8438,0.9988406
8439,0.039263994
8442,0.06796822
8449,0.0397771
8456,0.022654712
8460,0.020773709
8462,0.17090353
8465,0.35931772
8466,0.06818783
8467,0.27125823
8469,0.16675991
8470,0.2676394
8474,0.19751364
8479,0.05169189
8481,0.020908445
8482,0.028462261
8485,0.015865237
8488,0.020531237
8492,0.07043508
8493,0.39291814
8495,0.032584816
8499,0.28314817
8501,0.04100722
8519,0.06283289
8521,0.009618372
8525,0.040347338
8527,0.12645525
8529,0.1784693
8532,0.022705227
8534,0.024587095
8535,0.021441907
8537,0.024096847
8544,0.100925356
8548,0.040503144
8549,0.083925754
8552,0.020075113
8554,0.015957564
8563,0.04509905
8564,0.18348098
8565,0.2056598
8566,0.16286516
8568,0.04330927
8569,0.019033283
8573,0.041924357
8583,0.12341228
8588,0.10570425
8590,0.027219057
8592,0.33069962
8593,0.056516707
8594,0.9538497
8597,0.012523413
8600,0.958078
8601,0.24733856
8602,0.96175355
8603,0.6848246
8604,0.03970918
8605,0.96999073
8611,0.74172294
8614,0.25294214
8616,0.76147604
8617,0.99047995
8619,0.9757564
8626,0.99647605
8629,0.06285894
8630,0.057626337
8632,0.42248237
8634,0.85487145
8641,0.4713054
8645,0.58360785
8649,0.9725003
8652,0.9974115
8666,0.6040175
8671,0.102500856
8672,0.99332297
8675,0.4948015
8678,0.98771083
8679,0.94396377
8682,0.98879224
8687,0.8769131
8701,0.105760574
8703,0.06430048
8707,0.03162822
8713,0.0326674
8716,0.034440845
8719,0.06557265
8725,0.15343928
8730,0.86479723
8731,0.17732432
8748,0.0405142
8749,0.0500969
8756,0.040881157
8764,0.03730753
8765,0.22888032
8769,0.036725372
8771,0.25013232
8772,0.04367736
8773,0.018394083
8779,0.041552484
8792,0.016892761
8794,0.14117369
8796,0.93546116
8798,0.57136846
8803,0.015502542
8807,0.048015207
8809,0.27094644
8811,0.023528486
8813,0.018841863
8814,0.028130203
8818,0.49056175
8819,0.10079628
8820,0.764937
8821,0.19463825
8822,0.032833368
8824,0.14957601
8826,0.12389997
8827,0.113907486
8828,0.039934397
8833,0.57651865
8834,0.031364024
8845,0.048892796
8847,0.020811707
8849,0.7390388
8861,0.30452877
8867,0.0304192
8868,0.5035563
8870,0.024183542
8873,0.040595204
8874,0.056810617
8876,0.026298523
8877,0.19552281
8879,0.4619356
8882,0.030504823
8884,0.10190797
8889,0.03211072
8891,0.044842362
8894,0.89991
8895,0.04221204
8897,0.49709752
8898,0.5983604
8901,0.30404222
8904,0.98541635
8909,0.71954185
8910,0.96079624
8911,0.03695345
8915,0.666649
8917,0.9296839
8918,0.21642968
8919,0.74807435
8922,0.95050174
8925,0.90340936
8928,0.8205087
8929,0.764616
8930,0.7314629
8932,0.011709601
8937,0.7788664
8940,0.27213532
8943,0.022227675
8950,0.061653495
8951,0.6635535
8954,0.041372925
8958,0.99425286
8960,0.35060844
8964,0.6076215
8975,0.027642697
8977,0.7371068
8981,0.9809836
8982,0.056868345
8984,0.3381819
8988,0.21771136
8990,0.9810939
8991,0.067815036
8995,0.009513259
8997,0.09465045
9003,0.032941192
9004,0.038105696
9010,0.5107249
9011,0.017670691
9013,0.09592968
9014,0.0823735
9015,0.1925183
9017,0.062217444
9019,0.6866188
9021,0.1345419
9024,0.027337372
9032,0.02456984
9035,0.099344194
9036,0.40102988
9037,0.1532875
9043,0.99799836
9046,0.9704659
9048,0.9978688
9049,0.9850911
9050,0.99092776
9056,0.16895103
9063,0.048805952
9065,0.98717403
9066,0.9979192
9068,0.08147359
9069,0.9782747
9070,0.05334729
9073,0.9889536
9076,0.9963402
9091,0.2551092
9092,0.99397683
9104,0.99937665
9105,0.9964705
9108,0.9964705
9111,0.9991206
9115,0.9990605
9117,0.9990034
9122,0.99933225
9125,0.99913085
9127,0.99397683
9129,0.99912965
9133,0.9990951
9136,0.9993423
9138,0.99912965
9140,0.9991596
9147,0.99897003
9150,0.9985545
9152,0.9988498
9153,0.99539983
9155,0.9986791
9158,0.99779963
9160,0.99879956
9163,0.9985446
9165,0.9953557
9167,0.81808794
9168,0.9954358
9170,0.9987433
9176,0.99750066
9178,0.99808353
9184,0.99795747
9186,0.9975915
9188,0.9978507
9189,0.99905527
9190,0.9983783
9196,0.69956803
9198,0.6899458
9199,0.99395907
9200,0.9975456
9201,0.45189178
9202,0.9983474
9204,0.44254798
9205,0.99347955
9213,0.99609303
9214,0.9945252
9224,0.9988289
9227,0.9594056
9228,0.99893284
9229,0.9812261
9234,0.9913262
9236,0.9973586
9241,0.99698603
9243,0.80212855
9245,0.10186559
9256,0.9797369
9258,0.043032646
9261,0.051615328
9274,0.23145932
9279,0.02862057
9282,0.055164248
9284,0.05148232
9285,0.015539199
9291,0.3593582
9295,0.05581066
9299,0.027730525
9302,0.022769839
9304,0.037705302
9305,0.013447702
9306,0.036578536
9310,0.03886792
9312,0.056424916
9316,0.031053752
9318,0.10204959
9323,0.03138563
9326,0.08375424
9327,0.04182166
9328,0.03261423
9331,0.98171425
9335,0.13231173
9336,0.057380408
9340,0.013888359
9349,0.99231064
9352,0.86899316
9353,0.12262091
9354,0.950364
9356,0.04505065
9357,0.025482833
9358,0.2564376
9359,0.090008676
9364,0.04554209
9366,0.99915427
9369,0.035858184
9370,0.031037182
9379,0.13462174
9381,0.026395649
9383,0.039774925
9389,0.37895197
9390,0.06494892
9392,0.99466914
9394,0.9962374
9398,0.9891335
9399,0.9967658
9400,0.06310719
9407,0.9965123
9409,0.9973308
9412,0.83953655
9413,0.98281485
9415,0.07954928
9419,0.99676895
9423,0.02606234
9424,0.994232
9426,0.36775345
9427,0.9979651
9428,0.14197394
9429,0.71598345
9433,0.99936736
9437,0.78325915
9440,0.095740974
9442,0.9869212
9443,0.9647336
9444,0.20133984
9447,0.71096796
9459,0.2943728
9461,0.44651154
9462,0.9625176
9464,0.9884825
9473,0.5034238
9475,0.7360316
9476,0.9854951
9477,0.6989092
9478,0.41592547
9479,0.5157592
9483,0.67674285
9487,0.4466579
9494,0.9976655
9497,0.99868155
9498,0.99868596
9506,0.02844733
9512,0.48715368
9514,0.99706197
9515,0.66298026
9516,0.9675094
9517,0.90110433
9518,0.036066562
9521,0.8460357
9523,0.5859543
9527,0.9037617
9528,0.68542415
9530,0.46485695
9532,0.9814787
9534,0.9937382
9535,0.09352261
9536,0.99800754
9543,0.11992261
9544,0.030234396
9545,0.94929457
9546,0.9378309
9549,0.87431866
9558,0.19759879
9560,0.024692178
9561,0.22350031
9570,0.21453503
9573,0.10653207
9578,0.09125587
9584,0.048827857
9587,0.10592568
9588,0.03191492
9599,0.059900135
9601,0.9249146
9604,0.20994508
9614,0.6669328
9615,0.99922013
9621,0.9968175
9622,0.24031994
9623,0.6782752
9624,0.9570286
9626,0.9993895
9628,0.996557
9630,0.10318479
9631,0.99763685
9633,0.6782752
9635,0.99946976
9637,0.97189
9641,0.07003865
9647,0.9974866
9648,0.99808323
9649,0.10988253
9658,0.33379662
9662,0.99869406
9668,0.7855972
9671,0.5537217
9676,0.9992329
9677,0.99910533
9679,0.026574612
9682,0.99747944
9685,0.047505677
9689,0.9675672
9692,0.62109655
9693,0.18386224
9694,0.07787734
9696,0.08846679
9700,0.013843209
9711,0.99882275
9713,0.08688453
9720,0.10583544
9721,0.9927425
9725,0.15556428
9726,0.48348665
9727,0.14612949
9735,0.048461378
9740,0.999517
9742,0.9988339
9743,0.29914647
9747,0.9987965
9748,0.9986723
9751,0.9988476
9758,0.7768693
9767,0.18625951
9768,0.058502525
9773,0.2759925
9777,0.4367291
9781,0.12110692
9784,0.095184475
9786,0.16035944
9789,0.33826768
9792,0.11756644
9793,0.14478609
9798,0.31724328
9799,0.11516535
9802,0.060149223
9803,0.818985
9804,0.0474855
9805,0.10209465
9807,0.19116205
9809,0.1826956
9811,0.16909206
9814,0.18021888
9817,0.09419227
9821,0.49985707
9824,0.061172515
9825,0.14679766
9827,0.19139963
9839,0.97604334
9840,0.025745928
9843,0.104592115
9844,0.09973496
9845,0.062175244
9847,0.06794271
9848,0.093023956
9851,0.06289083
9852,0.07934606
9855,0.17012984
9856,0.1994682
9863,0.102193475
9867,0.031870008
9871,0.07957983
9876,0.97617936
9879,0.040852427
9882,0.22743133
9891,0.07781398
9892,0.072060585
9893,0.13761401
9895,0.38883463
9899,0.06959152
9900,0.07689959
9902,0.030452818
9903,0.049655408
9904,0.05392897
9908,0.069808334
9913,0.03275162
9914,0.9849814
9917,0.022697687
9922,0.99458826
9924,0.028196216
9926,0.18315884
9927,0.033359885
9928,0.09818053
9929,0.07722193
9936,0.04826644
9939,0.011141449
9947,0.035930634
9951,0.24671218
9954,0.026958972
9956,0.0383918
9957,0.06857097
9959,0.108781725
9962,0.04421258
9964,0.9772569
9966,0.20101187
9968,0.9769093
9969,0.7172291
9970,0.879321
9975,0.17108229
9977,0.41501993
9981,0.12546864
9993,0.033301175
9996,0.2011433
9997,0.879635
9999,0.7493919
10002,0.08655435
10007,0.99752957
10015,0.0386329
10019,0.9732198
10022,0.02114898
10024,0.046931982
10026,0.032674372
10033,0.02727276
10043,0.021439046
10046,0.024033338
10051,0.053851306
10053,0.022551805
10062,0.9981576
10063,0.9982703
10065,0.99298644
10068,0.9926447
10078,0.99771726
10086,0.8437214
10094,0.9822489
10095,0.988962
10096,0.92903256
10097,0.9971254
10103,0.9984127
10104,0.9995476
10108,0.06455797
10122,0.48163748
10123,0.2299388
10128,0.12629727
10131,0.025866836
10133,0.054309994
10134,0.031760544
10135,0.0446091
10145,0.041778654
10148,0.49972683
10154,0.043046534
10155,0.037501365
10158,0.99901134
10160,0.9994135
10161,0.80009365
10162,0.9830868
10165,0.9989623
10166,0.998863
10167,0.87786424
10170,0.99862504
10178,0.9964049
10180,0.9234804
10181,0.99623096
10185,0.9819285
10188,0.5627482
10190,0.99848664
10196,0.4650321
10200,0.98860073
10205,0.9844011
10211,0.039726675
10216,0.045784593
10219,0.9779928
10221,0.059530437
10225,0.31395736
10227,0.9446497
10228,0.39521828
10230,0.11926064
10232,0.9886929
10233,0.9555987
10235,0.29096437
10238,0.95471513
10240,0.8899104
10242,0.9656751
10248,0.18779945
10254,0.017086327
10257,0.018082052
10261,0.714177
10262,0.15287217
10266,0.45331794
10267,0.60860777
10271,0.012892753
10277,0.12950802
10279,0.17082074
10281,0.41352963
10282,0.9918935
10285,0.021491855
10292,0.039848894
10298,0.035814494
10300,0.22650439
10309,0.14498296
10311,0.11791676
10312,0.033536404
10319,0.02982089
10324,0.9943012
10326,0.035449475
10328,0.056904465
10343,0.046585888
10346,0.04246649
10347,0.11497924
10353,0.052040875
10354,0.6601038
10356,0.07063159
10357,0.26600453
10362,0.107760936
10363,0.5007914
10370,0.6154297
10373,0.52580565
10386,0.91713005
10388,0.3198204
10389,0.28451645
10391,0.9985079
10397,0.035380214
10400,0.086906254
10403,0.044056237
10404,0.10574037
10408,0.09973377
10417,0.052492827
10425,0.016269952
10435,0.9960352
10437,0.99902755
10438,0.9950595
10440,0.24184567
10442,0.1673756
10447,0.9855778
10452,0.99066913
10453,0.9907346
10454,0.99728215
10459,0.947726
10460,0.93035805
10463,0.72859967
10465,0.47560257
10469,0.91763884
10474,0.08724964
10475,0.99813694
10476,0.9449759
10477,0.9969958
10480,0.99767864
10491,0.9587255
10493,0.98622036
10494,0.99640155
10495,0.84741366
10497,0.9923198
10501,0.9983579
10504,0.17250913
10507,0.9754811
10509,0.99896955
10510,0.08892706
10512,0.99455297
10514,0.9981537
10526,0.9963085
10528,0.99759626
10530,0.9976559
10531,0.9720337
10532,0.99924225
10538,0.90954053
10539,0.08905274
10542,0.47176394
10547,0.12675127
10549,0.16603252
10556,0.29924107
10569,0.20858479
10572,0.27253217
10577,0.16988245
10579,0.955006
10586,0.9947712
10594,0.9888909
10595,0.99937093
10597,0.17261744
10602,0.99514425
10604,0.989604
10614,0.124248296
10617,0.495871
10618,0.999051
10619,0.9956893
10624,0.9986182
10633,0.9908408
10634,0.9966583
10635,0.25350207
10638,0.059182554
10639,0.2933766
10642,0.020552129
10643,0.3170979
10645,0.87250257
10646,0.094637275
10649,0.037448525
10652,0.9986953
10653,0.26899987
10654,0.19553858
10661,0.9891405
10664,0.9988961
10668,0.13342461
10670,0.04338628
10674,0.08148795
10683,0.112119496
10694,0.06899673
10697,0.054379255
10699,0.077179104
10701,0.0650323
10703,0.19933215
10713,0.05689761
10714,0.97996736
10716,0.015503764
10717,0.2338607
10719,0.04576564
10725,0.07693201
10728,0.05176139
10734,0.39598167
10738,0.99374604
10740,0.99808824
10742,0.996133
10756,0.99778914
10757,0.92358035
10758,0.99374604
10761,0.9979159
10762,0.99515355
10773,0.9971708
10778,0.9981203
10781,0.99271256
10791,0.02096039
10792,0.06621614
10796,0.1865896
10797,0.21109569
10801,0.027673602
10804,0.115027905
10806,0.038495094
10807,0.03318003
10816,0.24790707
10820,0.22992358
10828,0.08758739
10836,0.99447453
10838,0.99743265
10845,0.99715364
10856,0.99919474
10857,0.8733232
10858,0.9943205
10861,0.2643683
10865,0.98777485
10868,0.99937344
10874,0.90680957
10875,0.9038545
